-- MySQL dump 10.16  Distrib 10.1.13-MariaDB, for Linux (x86_64)
--
-- Host: localhost    Database: otlweb
-- ------------------------------------------------------
-- Server version	10.1.13-MariaDB

/*!40101 SET @OLD_CHARACTER_SET_CLIENT=@@CHARACTER_SET_CLIENT */;
/*!40101 SET @OLD_CHARACTER_SET_RESULTS=@@CHARACTER_SET_RESULTS */;
/*!40101 SET @OLD_COLLATION_CONNECTION=@@COLLATION_CONNECTION */;
/*!40101 SET NAMES utf8mb4 */;
/*!40103 SET @OLD_TIME_ZONE=@@TIME_ZONE */;
/*!40103 SET TIME_ZONE='+00:00' */;
/*!40014 SET @OLD_UNIQUE_CHECKS=@@UNIQUE_CHECKS, UNIQUE_CHECKS=0 */;
/*!40014 SET @OLD_FOREIGN_KEY_CHECKS=@@FOREIGN_KEY_CHECKS, FOREIGN_KEY_CHECKS=0 */;
/*!40101 SET @OLD_SQL_MODE=@@SQL_MODE, SQL_MODE='NO_AUTO_VALUE_ON_ZERO' */;
/*!40111 SET @OLD_SQL_NOTES=@@SQL_NOTES, SQL_NOTES=0 */;

--
-- Table structure for table `admins`
--

DROP TABLE IF EXISTS `admins`;
/*!40101 SET @saved_cs_client     = @@character_set_client */;
/*!40101 SET character_set_client = utf8 */;
CREATE TABLE `admins` (
  `id` int(11) NOT NULL AUTO_INCREMENT,
  `username` varchar(100) NOT NULL,
  `password` varchar(255) NOT NULL,
  `created_at` datetime NOT NULL DEFAULT CURRENT_TIMESTAMP,
  PRIMARY KEY (`id`),
  UNIQUE KEY `username` (`username`)
) ENGINE=InnoDB AUTO_INCREMENT=2 DEFAULT CHARSET=utf8;
/*!40101 SET character_set_client = @saved_cs_client */;

--
-- Dumping data for table `admins`
--

LOCK TABLES `admins` WRITE;
/*!40000 ALTER TABLE `admins` DISABLE KEYS */;
INSERT INTO `admins` VALUES (1,'hqadmin','hq1234','2026-02-11 22:27:31');
/*!40000 ALTER TABLE `admins` ENABLE KEYS */;
UNLOCK TABLES;

--
-- Table structure for table `categories`
--

DROP TABLE IF EXISTS `categories`;
/*!40101 SET @saved_cs_client     = @@character_set_client */;
/*!40101 SET character_set_client = utf8 */;
CREATE TABLE `categories` (
  `id` int(11) NOT NULL AUTO_INCREMENT,
  `menu_format_id` int(11) NOT NULL DEFAULT '1',
  `store_id` int(11) NOT NULL DEFAULT '1',
  `category_name` varchar(255) NOT NULL,
  `sort_order` int(11) NOT NULL DEFAULT '0',
  PRIMARY KEY (`id`),
  KEY `idx_categories_store` (`store_id`)
) ENGINE=InnoDB AUTO_INCREMENT=5 DEFAULT CHARSET=utf8;
/*!40101 SET character_set_client = @saved_cs_client */;

--
-- Dumping data for table `categories`
--

LOCK TABLES `categories` WRITE;
/*!40000 ALTER TABLE `categories` DISABLE KEYS */;
INSERT INTO `categories` VALUES (1,1,1,'메인 메뉴',1),(2,1,1,'음료',0),(3,1,1,'디저트',0),(4,1,1,'후식',0);
/*!40000 ALTER TABLE `categories` ENABLE KEYS */;
UNLOCK TABLES;

--
-- Table structure for table `category_translations`
--

DROP TABLE IF EXISTS `category_translations`;
/*!40101 SET @saved_cs_client     = @@character_set_client */;
/*!40101 SET character_set_client = utf8 */;
CREATE TABLE `category_translations` (
  `id` int(11) NOT NULL AUTO_INCREMENT,
  `category_id` int(11) NOT NULL,
  `lang_code` varchar(5) NOT NULL,
  `category_name` varchar(255) NOT NULL,
  PRIMARY KEY (`id`),
  KEY `category_id` (`category_id`),
  CONSTRAINT `category_translations_ibfk_1` FOREIGN KEY (`category_id`) REFERENCES `categories` (`id`)
) ENGINE=InnoDB AUTO_INCREMENT=10 DEFAULT CHARSET=utf8;
/*!40101 SET character_set_client = @saved_cs_client */;

--
-- Dumping data for table `category_translations`
--

LOCK TABLES `category_translations` WRITE;
/*!40000 ALTER TABLE `category_translations` DISABLE KEYS */;
INSERT INTO `category_translations` VALUES (1,1,'ko','메인 메뉴'),(2,1,'en','Main Menu'),(3,1,'ja','メインメニュー'),(4,1,'th','เมนูหลัก'),(5,1,'vi','Món chính'),(6,1,'id','Menu Utama'),(7,2,'ko','음료'),(8,3,'ko','디저트'),(9,4,'ko','후식');
/*!40000 ALTER TABLE `category_translations` ENABLE KEYS */;
UNLOCK TABLES;

--
-- Table structure for table `menu_formats`
--

DROP TABLE IF EXISTS `menu_formats`;
/*!40101 SET @saved_cs_client     = @@character_set_client */;
/*!40101 SET character_set_client = utf8 */;
CREATE TABLE `menu_formats` (
  `id` int(11) NOT NULL AUTO_INCREMENT,
  `name` varchar(255) NOT NULL COMMENT '업종/포맷명 (예: 카페, 한식당, 패스트푸드)',
  `description` text,
  `sort_order` int(11) NOT NULL DEFAULT '0',
  `is_active` tinyint(1) NOT NULL DEFAULT '1',
  `created_at` datetime NOT NULL DEFAULT CURRENT_TIMESTAMP,
  PRIMARY KEY (`id`),
  KEY `idx_menu_formats_active` (`is_active`)
) ENGINE=InnoDB AUTO_INCREMENT=2 DEFAULT CHARSET=utf8 COMMENT='본사 제공 메뉴 솔루션(업종별 포맷)';
/*!40101 SET character_set_client = @saved_cs_client */;

--
-- Dumping data for table `menu_formats`
--

LOCK TABLES `menu_formats` WRITE;
/*!40000 ALTER TABLE `menu_formats` DISABLE KEYS */;
INSERT INTO `menu_formats` VALUES (1,'기본','기본 메뉴 포맷 (마이그레이션용)',0,1,'2026-02-20 01:15:39');
/*!40000 ALTER TABLE `menu_formats` ENABLE KEYS */;
UNLOCK TABLES;

--
-- Table structure for table `menu_option_groups`
--

DROP TABLE IF EXISTS `menu_option_groups`;
/*!40101 SET @saved_cs_client     = @@character_set_client */;
/*!40101 SET character_set_client = utf8 */;
CREATE TABLE `menu_option_groups` (
  `id` int(11) NOT NULL AUTO_INCREMENT,
  `menu_id` int(11) NOT NULL,
  `group_id` int(11) NOT NULL,
  PRIMARY KEY (`id`),
  KEY `menu_id` (`menu_id`),
  KEY `group_id` (`group_id`),
  CONSTRAINT `menu_option_groups_ibfk_1` FOREIGN KEY (`menu_id`) REFERENCES `menus` (`id`),
  CONSTRAINT `menu_option_groups_ibfk_2` FOREIGN KEY (`group_id`) REFERENCES `option_groups` (`id`)
) ENGINE=InnoDB AUTO_INCREMENT=3 DEFAULT CHARSET=utf8;
/*!40101 SET character_set_client = @saved_cs_client */;

--
-- Dumping data for table `menu_option_groups`
--

LOCK TABLES `menu_option_groups` WRITE;
/*!40000 ALTER TABLE `menu_option_groups` DISABLE KEYS */;
INSERT INTO `menu_option_groups` VALUES (1,1,1),(2,1,2);
/*!40000 ALTER TABLE `menu_option_groups` ENABLE KEYS */;
UNLOCK TABLES;

--
-- Table structure for table `menu_translations`
--

DROP TABLE IF EXISTS `menu_translations`;
/*!40101 SET @saved_cs_client     = @@character_set_client */;
/*!40101 SET character_set_client = utf8 */;
CREATE TABLE `menu_translations` (
  `id` int(11) NOT NULL AUTO_INCREMENT,
  `menu_id` int(11) NOT NULL,
  `lang_code` varchar(5) NOT NULL,
  `menu_name` varchar(255) NOT NULL,
  `description` text,
  PRIMARY KEY (`id`),
  KEY `menu_id` (`menu_id`),
  CONSTRAINT `menu_translations_ibfk_1` FOREIGN KEY (`menu_id`) REFERENCES `menus` (`id`)
) ENGINE=InnoDB AUTO_INCREMENT=7 DEFAULT CHARSET=utf8;
/*!40101 SET character_set_client = @saved_cs_client */;

--
-- Dumping data for table `menu_translations`
--

LOCK TABLES `menu_translations` WRITE;
/*!40000 ALTER TABLE `menu_translations` DISABLE KEYS */;
INSERT INTO `menu_translations` VALUES (1,1,'ko','불고기 덮밥','달콤한 소스로 볶은 불고기 덮밥입니다.'),(2,1,'en','Bulgogi Rice Bowl','Sweet marinated beef served over rice.'),(3,1,'ja','プルコギ丼','甘いタレで炒めたプルコギ丼です。'),(4,1,'th','ข้าวหน้าบูลโกกิ','เนื้อผัดซอสหวานราดข้าว'),(5,1,'vi','Cơm bò Bulgogi','Cơm với thịt bò sốt ngọt kiểu Hàn Quốc.'),(6,1,'id','Nasi Bulgogi','Nasi dengan daging sapi saus manis ala Korea.');
/*!40000 ALTER TABLE `menu_translations` ENABLE KEYS */;
UNLOCK TABLES;

--
-- Table structure for table `menus`
--

DROP TABLE IF EXISTS `menus`;
/*!40101 SET @saved_cs_client     = @@character_set_client */;
/*!40101 SET character_set_client = utf8 */;
CREATE TABLE `menus` (
  `id` int(11) NOT NULL AUTO_INCREMENT,
  `menu_format_id` int(11) NOT NULL DEFAULT '1',
  `store_id` int(11) NOT NULL DEFAULT '1',
  `category_id` int(11) NOT NULL,
  `is_available` tinyint(4) NOT NULL DEFAULT '1',
  `is_dinein` tinyint(4) NOT NULL DEFAULT '1',
  `is_pickup` tinyint(4) NOT NULL DEFAULT '1',
  `is_delivery` tinyint(4) NOT NULL DEFAULT '1',
  `price` int(11) NOT NULL DEFAULT '0',
  `price_pickup` int(11) NOT NULL DEFAULT '0',
  `price_delivery` int(11) NOT NULL DEFAULT '0',
  `daily_limit` int(11) NOT NULL DEFAULT '0',
  `current_stock` int(11) NOT NULL DEFAULT '0',
  `image_url` varchar(500) DEFAULT NULL,
  PRIMARY KEY (`id`),
  KEY `category_id` (`category_id`),
  KEY `idx_menus_store` (`store_id`),
  CONSTRAINT `menus_ibfk_1` FOREIGN KEY (`category_id`) REFERENCES `categories` (`id`)
) ENGINE=InnoDB AUTO_INCREMENT=2 DEFAULT CHARSET=utf8;
/*!40101 SET character_set_client = @saved_cs_client */;

--
-- Dumping data for table `menus`
--

LOCK TABLES `menus` WRITE;
/*!40000 ALTER TABLE `menus` DISABLE KEYS */;
INSERT INTO `menus` VALUES (1,1,1,1,1,1,1,1,10000,9000,12000,0,46,NULL);
/*!40000 ALTER TABLE `menus` ENABLE KEYS */;
UNLOCK TABLES;

--
-- Table structure for table `option_groups`
--

DROP TABLE IF EXISTS `option_groups`;
/*!40101 SET @saved_cs_client     = @@character_set_client */;
/*!40101 SET character_set_client = utf8 */;
CREATE TABLE `option_groups` (
  `id` int(11) NOT NULL AUTO_INCREMENT,
  `menu_format_id` int(11) NOT NULL DEFAULT '1',
  `store_id` int(11) NOT NULL DEFAULT '1',
  `group_name_ko` varchar(255) NOT NULL,
  `is_required` tinyint(1) NOT NULL DEFAULT '0',
  `max_select` int(11) NOT NULL DEFAULT '1',
  PRIMARY KEY (`id`),
  KEY `idx_option_groups_store` (`store_id`)
) ENGINE=InnoDB AUTO_INCREMENT=3 DEFAULT CHARSET=utf8;
/*!40101 SET character_set_client = @saved_cs_client */;

--
-- Dumping data for table `option_groups`
--

LOCK TABLES `option_groups` WRITE;
/*!40000 ALTER TABLE `option_groups` DISABLE KEYS */;
INSERT INTO `option_groups` VALUES (1,1,1,'추가 토핑',0,3),(2,1,1,'사이즈 선택',1,1);
/*!40000 ALTER TABLE `option_groups` ENABLE KEYS */;
UNLOCK TABLES;

--
-- Table structure for table `option_items`
--

DROP TABLE IF EXISTS `option_items`;
/*!40101 SET @saved_cs_client     = @@character_set_client */;
/*!40101 SET character_set_client = utf8 */;
CREATE TABLE `option_items` (
  `id` int(11) NOT NULL AUTO_INCREMENT,
  `group_id` int(11) NOT NULL,
  `item_name_ko` varchar(255) NOT NULL,
  `price_dinein` int(11) NOT NULL DEFAULT '0',
  `price_pickup` int(11) NOT NULL DEFAULT '0',
  `price_delivery` int(11) NOT NULL DEFAULT '0',
  `is_available` tinyint(1) NOT NULL DEFAULT '1',
  PRIMARY KEY (`id`),
  KEY `group_id` (`group_id`),
  CONSTRAINT `option_items_ibfk_1` FOREIGN KEY (`group_id`) REFERENCES `option_groups` (`id`)
) ENGINE=InnoDB AUTO_INCREMENT=6 DEFAULT CHARSET=utf8;
/*!40101 SET character_set_client = @saved_cs_client */;

--
-- Dumping data for table `option_items`
--

LOCK TABLES `option_items` WRITE;
/*!40000 ALTER TABLE `option_items` DISABLE KEYS */;
INSERT INTO `option_items` VALUES (1,1,'치즈 추가',1000,1000,1000,1),(2,1,'계란 후라이',1000,1000,1000,1),(3,1,'곱빼기 고기',3000,3000,3000,1),(4,2,'보통 사이즈',0,0,0,1),(5,2,'대 사이즈',2000,2000,2000,1);
/*!40000 ALTER TABLE `option_items` ENABLE KEYS */;
UNLOCK TABLES;

--
-- Table structure for table `order_items`
--

DROP TABLE IF EXISTS `order_items`;
/*!40101 SET @saved_cs_client     = @@character_set_client */;
/*!40101 SET character_set_client = utf8 */;
CREATE TABLE `order_items` (
  `id` int(11) NOT NULL AUTO_INCREMENT,
  `order_id` int(11) NOT NULL,
  `menu_id` int(11) NOT NULL,
  `quantity` int(11) NOT NULL DEFAULT '1',
  `price` int(11) NOT NULL DEFAULT '0',
  `options_text` text,
  `item_status` varchar(20) NOT NULL DEFAULT 'PENDING',
  PRIMARY KEY (`id`),
  KEY `order_id` (`order_id`),
  KEY `menu_id` (`menu_id`),
  CONSTRAINT `order_items_ibfk_1` FOREIGN KEY (`order_id`) REFERENCES `orders` (`id`),
  CONSTRAINT `order_items_ibfk_2` FOREIGN KEY (`menu_id`) REFERENCES `menus` (`id`)
) ENGINE=InnoDB AUTO_INCREMENT=43 DEFAULT CHARSET=utf8;
/*!40101 SET character_set_client = @saved_cs_client */;

--
-- Dumping data for table `order_items`
--

LOCK TABLES `order_items` WRITE;
/*!40000 ALTER TABLE `order_items` DISABLE KEYS */;
INSERT INTO `order_items` VALUES (1,1,1,1,10000,'','SERVED'),(2,2,1,3,45000,'','SERVED'),(3,2,1,1,45000,'치즈 추가, 계란 후라이, 곱빼기 고기','SERVED'),(4,3,1,1,10000,'','SERVED'),(5,4,1,1,17000,'치즈 추가, 계란 후라이, 곱빼기 고기, 보통 사이즈, 대 사이즈','SERVED'),(6,5,1,1,15000,'치즈 추가, 계란 후라이, 곱빼기 고기','SERVED'),(7,6,1,1,10000,'','SERVED'),(8,7,1,1,10000,'','SERVED'),(9,8,1,2,20000,'','SERVED'),(10,9,1,2,48000,'','SERVED'),(11,9,1,1,48000,'치즈 추가, 계란 후라이, 보통 사이즈, 대 사이즈','SERVED'),(12,9,1,1,48000,'계란 후라이, 곱빼기 고기','SERVED'),(13,10,1,1,14000,'치즈 추가, 계란 후라이, 대 사이즈','SERVED'),(14,11,1,1,15000,'치즈 추가, 계란 후라이, 곱빼기 고기, 보통 사이즈','SERVED'),(15,12,1,1,34000,'치즈 추가','SERVED'),(16,12,1,1,34000,'계란 후라이, 보통 사이즈','SERVED'),(17,12,1,1,34000,'치즈 추가, 계란 후라이','SERVED'),(18,13,1,1,25000,'치즈 추가, 계란 후라이','served'),(19,13,1,1,25000,'치즈 추가, 대 사이즈','served'),(20,14,1,1,10000,'','SERVED'),(21,15,1,1,12000,'치즈 추가, 계란 후라이','SERVED'),(22,16,1,1,22000,'치즈 추가','SERVED'),(23,16,1,1,22000,'계란 후라이','SERVED'),(24,17,1,1,10000,'','SERVED'),(25,18,1,1,13000,'곱빼기 고기','SERVED'),(26,19,1,1,12000,'치즈 추가, 계란 후라이','served'),(27,20,1,1,27000,'치즈 추가, 곱빼기 고기, 대 사이즈','served'),(28,20,1,1,27000,'계란 후라이','served'),(29,21,1,1,10000,'','served'),(30,22,1,1,12000,'치즈 추가, 계란 후라이','served'),(31,23,1,1,10000,'','served'),(32,24,1,1,10000,'','served'),(33,25,1,1,11000,'치즈 추가','served'),(34,26,1,1,10000,'','served'),(35,27,1,1,14000,'계란 후라이, 곱빼기 고기','served'),(36,28,1,1,12000,'치즈 추가, 계란 후라이','served'),(37,29,1,1,10000,'','served'),(38,30,1,1,10000,'','served'),(39,31,1,1,10000,'','served'),(40,32,1,1,15000,'치즈 추가, 계란 후라이, 곱빼기 고기','served'),(41,33,1,1,18000,'치즈 추가 x3, 계란 후라이 x2, 곱빼기 고기','served'),(42,34,1,1,16000,'치즈 추가 x2, 계란 후라이, 곱빼기 고기','served');
/*!40000 ALTER TABLE `order_items` ENABLE KEYS */;
UNLOCK TABLES;

--
-- Table structure for table `order_payments`
--

DROP TABLE IF EXISTS `order_payments`;
/*!40101 SET @saved_cs_client     = @@character_set_client */;
/*!40101 SET character_set_client = utf8 */;
CREATE TABLE `order_payments` (
  `id` int(11) NOT NULL AUTO_INCREMENT,
  `order_id` int(11) NOT NULL,
  `payer_user_id` int(11) NOT NULL,
  `pay_method` enum('CARD','CASH','POINT') NOT NULL,
  `amount` int(11) NOT NULL DEFAULT '0',
  `used_point` int(11) NOT NULL DEFAULT '0',
  `created_at` datetime NOT NULL DEFAULT CURRENT_TIMESTAMP,
  PRIMARY KEY (`id`),
  KEY `order_id` (`order_id`),
  KEY `payer_user_id` (`payer_user_id`),
  CONSTRAINT `order_payments_ibfk_1` FOREIGN KEY (`order_id`) REFERENCES `orders` (`id`),
  CONSTRAINT `order_payments_ibfk_2` FOREIGN KEY (`payer_user_id`) REFERENCES `users` (`id`)
) ENGINE=InnoDB DEFAULT CHARSET=utf8;
/*!40101 SET character_set_client = @saved_cs_client */;

--
-- Dumping data for table `order_payments`
--

LOCK TABLES `order_payments` WRITE;
/*!40000 ALTER TABLE `order_payments` DISABLE KEYS */;
/*!40000 ALTER TABLE `order_payments` ENABLE KEYS */;
UNLOCK TABLES;

--
-- Table structure for table `order_sessions`
--

DROP TABLE IF EXISTS `order_sessions`;
/*!40101 SET @saved_cs_client     = @@character_set_client */;
/*!40101 SET character_set_client = utf8 */;
CREATE TABLE `order_sessions` (
  `id` int(11) NOT NULL AUTO_INCREMENT,
  `store_id` int(11) NOT NULL,
  `table_number` varchar(20) NOT NULL,
  `status` enum('OPEN','CLOSED') NOT NULL DEFAULT 'OPEN',
  `created_at` datetime NOT NULL DEFAULT CURRENT_TIMESTAMP,
  `updated_at` datetime NOT NULL DEFAULT CURRENT_TIMESTAMP ON UPDATE CURRENT_TIMESTAMP,
  PRIMARY KEY (`id`),
  KEY `idx_store_status` (`store_id`,`status`)
) ENGINE=InnoDB DEFAULT CHARSET=utf8;
/*!40101 SET character_set_client = @saved_cs_client */;

--
-- Dumping data for table `order_sessions`
--

LOCK TABLES `order_sessions` WRITE;
/*!40000 ALTER TABLE `order_sessions` DISABLE KEYS */;
/*!40000 ALTER TABLE `order_sessions` ENABLE KEYS */;
UNLOCK TABLES;

--
-- Table structure for table `orders`
--

DROP TABLE IF EXISTS `orders`;
/*!40101 SET @saved_cs_client     = @@character_set_client */;
/*!40101 SET character_set_client = utf8 */;
CREATE TABLE `orders` (
  `id` int(11) NOT NULL AUTO_INCREMENT,
  `user_id` int(11) DEFAULT NULL,
  `store_id` int(11) NOT NULL,
  `order_type` enum('dinein','pickup','delivery') NOT NULL DEFAULT 'dinein',
  `total_amount` int(11) NOT NULL DEFAULT '0',
  `address` varchar(255) DEFAULT NULL,
  `tel` varchar(50) DEFAULT NULL,
  `status` enum('pending','paid','canceled','completed') NOT NULL DEFAULT 'pending',
  `created_at` datetime NOT NULL DEFAULT CURRENT_TIMESTAMP,
  `updated_at` datetime NOT NULL DEFAULT CURRENT_TIMESTAMP ON UPDATE CURRENT_TIMESTAMP,
  `used_point` int(11) NOT NULL DEFAULT '0',
  `paid_amount` int(11) NOT NULL DEFAULT '0',
  `guest_name` varchar(100) DEFAULT NULL,
  `guest_tel` varchar(50) DEFAULT NULL,
  PRIMARY KEY (`id`),
  KEY `fk_orders_user` (`user_id`),
  CONSTRAINT `fk_orders_user` FOREIGN KEY (`user_id`) REFERENCES `users` (`id`)
) ENGINE=InnoDB AUTO_INCREMENT=35 DEFAULT CHARSET=utf8;
/*!40101 SET character_set_client = @saved_cs_client */;

--
-- Dumping data for table `orders`
--

LOCK TABLES `orders` WRITE;
/*!40000 ALTER TABLE `orders` DISABLE KEYS */;
INSERT INTO `orders` VALUES (1,NULL,1,'dinein',10000,'','','','2026-02-11 21:51:56','2026-02-12 01:23:51',0,0,NULL,NULL),(2,NULL,1,'dinein',35000,'Cyprus Lamprou, 5 Flat, Office 101, 1082, Nicosia, Cyprus','01020890909','','2026-02-11 22:00:57','2026-02-12 01:26:07',0,0,NULL,NULL),(3,NULL,1,'dinein',10000,'Cyprus Lamprou, 5 Flat, Office 101, 1082, Nicosia, Cyprus','01020890909','','2026-02-11 22:05:53','2026-02-12 01:03:13',0,0,NULL,NULL),(4,NULL,1,'dinein',17000,'','','','2026-02-11 22:21:07','2026-02-12 01:03:11',0,17000,NULL,NULL),(5,NULL,1,'dinein',15000,'Cyprus Lamprou, 5 Flat, Office 101, 1082, Nicosia, Cyprus','01020890909','','2026-02-11 22:24:07','2026-02-12 01:26:09',3000,12000,NULL,NULL),(6,NULL,1,'dinein',10000,'Cyprus Lamprou, 5 Flat, Office 101, 1082, Nicosia, Cyprus','01020890909','','2026-02-11 22:25:56','2026-02-12 01:03:14',5000,5000,NULL,NULL),(7,1,1,'dinein',10000,'Cyprus Lamprou, 5 Flat, Office 101, 1082, Nicosia, Cyprus','01020890909','','2026-02-11 23:04:10','2026-02-12 01:03:16',1,9999,'rick','01020890909'),(8,1,1,'dinein',20000,'','','','2026-02-11 23:16:07','2026-02-12 01:26:08',0,20000,'',''),(9,1,1,'dinein',48000,'','','','2026-02-12 03:04:06','2026-02-12 03:05:52',0,48000,'',''),(10,1,1,'dinein',14000,'','','','2026-02-12 03:04:38','2026-02-12 03:05:46',0,14000,'',''),(11,1,1,'dinein',15000,'','','','2026-02-12 03:08:56','2026-02-12 03:15:10',0,15000,'',''),(12,1,1,'dinein',34000,'','','','2026-02-12 03:14:37','2026-02-12 03:14:58',0,34000,'',''),(13,1,1,'dinein',25000,'','','','2026-02-12 03:17:31','2026-02-12 03:44:03',0,25000,'',''),(14,1,1,'dinein',10000,'','','','2026-02-12 03:17:57','2026-02-12 03:44:04',0,10000,'',''),(15,1,1,'dinein',12000,'','','','2026-02-12 03:18:37','2026-02-12 03:48:43',0,12000,'',''),(16,NULL,1,'dinein',22000,'','','','2026-02-12 03:37:21','2026-02-12 03:43:20',0,22000,'',''),(17,NULL,1,'dinein',10000,'','','','2026-02-12 03:39:02','2026-02-12 03:44:33',0,10000,'',''),(18,NULL,1,'dinein',13000,'','','','2026-02-12 03:42:53','2026-02-12 04:01:59',0,13000,'',''),(19,NULL,1,'dinein',12000,'','','','2026-02-12 03:51:26','2026-02-12 04:01:57',0,12000,'',''),(20,NULL,1,'dinein',27000,'','','','2026-02-12 03:51:54','2026-02-12 03:53:26',0,27000,'',''),(21,NULL,1,'dinein',10000,'','','','2026-02-12 03:54:41','2026-02-12 04:01:56',0,10000,'',''),(22,NULL,1,'dinein',12000,'','','','2026-02-12 03:54:55','2026-02-12 03:57:06',0,12000,'',''),(23,NULL,1,'dinein',10000,'','','','2026-02-12 04:05:32','2026-02-12 04:05:48',0,10000,'',''),(24,NULL,1,'dinein',10000,'','','','2026-02-12 04:05:41','2026-02-12 04:06:15',0,10000,'',''),(25,NULL,1,'dinein',11000,'','','','2026-02-12 04:18:37','2026-02-12 04:28:37',0,11000,'',''),(26,NULL,1,'dinein',10000,'','','','2026-02-12 04:43:26','2026-02-12 04:45:28',0,10000,'',''),(27,NULL,1,'dinein',14000,'','','','2026-02-12 04:46:37','2026-02-12 04:54:25',0,14000,'',''),(28,NULL,1,'dinein',12000,'','','','2026-02-12 04:46:47','2026-02-12 04:47:14',0,12000,'',''),(29,NULL,1,'dinein',10000,'','','','2026-02-12 04:53:03','2026-02-12 05:02:40',0,10000,'',''),(30,NULL,1,'dinein',10000,'','','','2026-02-12 05:02:13','2026-02-12 05:02:41',0,10000,'',''),(31,NULL,1,'dinein',10000,'','','','2026-02-12 05:06:28','2026-02-12 05:06:37',0,10000,'',''),(32,NULL,1,'dinein',15000,'','','','2026-02-19 21:38:48','2026-02-19 23:06:00',0,15000,'',''),(33,NULL,1,'dinein',18000,'','','','2026-02-19 23:14:45','2026-02-19 23:27:20',0,18000,'Table 5',''),(34,NULL,1,'dinein',16000,'','','pending','2026-02-19 23:50:34','2026-02-19 23:50:34',0,16000,'Table 5','');
/*!40000 ALTER TABLE `orders` ENABLE KEYS */;
UNLOCK TABLES;

--
-- Table structure for table `point_logs`
--

DROP TABLE IF EXISTS `point_logs`;
/*!40101 SET @saved_cs_client     = @@character_set_client */;
/*!40101 SET character_set_client = utf8 */;
CREATE TABLE `point_logs` (
  `id` int(11) NOT NULL AUTO_INCREMENT,
  `user_id` int(11) NOT NULL,
  `store_id` int(11) NOT NULL,
  `amount` int(11) NOT NULL,
  `type` enum('EARN','USE') NOT NULL,
  `payer` enum('HQ','STORE') NOT NULL,
  `created_at` datetime NOT NULL,
  PRIMARY KEY (`id`)
) ENGINE=InnoDB DEFAULT CHARSET=utf8;
/*!40101 SET character_set_client = @saved_cs_client */;

--
-- Dumping data for table `point_logs`
--

LOCK TABLES `point_logs` WRITE;
/*!40000 ALTER TABLE `point_logs` DISABLE KEYS */;
/*!40000 ALTER TABLE `point_logs` ENABLE KEYS */;
UNLOCK TABLES;

--
-- Table structure for table `point_master_policies`
--

DROP TABLE IF EXISTS `point_master_policies`;
/*!40101 SET @saved_cs_client     = @@character_set_client */;
/*!40101 SET character_set_client = utf8 */;
CREATE TABLE `point_master_policies` (
  `id` int(11) NOT NULL AUTO_INCREMENT,
  `name` varchar(100) NOT NULL,
  `point_value` decimal(10,4) NOT NULL DEFAULT '1.0000',
  `min_use_amount` int(11) NOT NULL DEFAULT '0',
  `min_use_point` int(11) NOT NULL DEFAULT '0',
  `max_use_pct` int(11) NOT NULL DEFAULT '100',
  `created_at` datetime NOT NULL DEFAULT CURRENT_TIMESTAMP,
  `updated_at` datetime NOT NULL DEFAULT CURRENT_TIMESTAMP ON UPDATE CURRENT_TIMESTAMP,
  PRIMARY KEY (`id`)
) ENGINE=InnoDB AUTO_INCREMENT=2 DEFAULT CHARSET=utf8;
/*!40101 SET character_set_client = @saved_cs_client */;

--
-- Dumping data for table `point_master_policies`
--

LOCK TABLES `point_master_policies` WRITE;
/*!40000 ALTER TABLE `point_master_policies` DISABLE KEYS */;
INSERT INTO `point_master_policies` VALUES (1,'기본 정책 v1',1.0000,0,0,100,'2026-02-11 22:19:01','2026-02-11 22:19:01');
/*!40000 ALTER TABLE `point_master_policies` ENABLE KEYS */;
UNLOCK TABLES;

--
-- Table structure for table `reviews`
--

DROP TABLE IF EXISTS `reviews`;
/*!40101 SET @saved_cs_client     = @@character_set_client */;
/*!40101 SET character_set_client = utf8 */;
CREATE TABLE `reviews` (
  `id` int(11) NOT NULL AUTO_INCREMENT,
  `store_id` int(11) NOT NULL,
  `menu_id` int(11) DEFAULT NULL,
  `order_id` int(11) NOT NULL,
  `user_id` int(11) DEFAULT NULL,
  `guest_name` varchar(100) DEFAULT NULL,
  `rating` tinyint(4) NOT NULL,
  `content` text NOT NULL,
  `image_path` varchar(255) DEFAULT NULL,
  `lang_code` varchar(5) DEFAULT 'ko',
  `created_at` datetime NOT NULL DEFAULT CURRENT_TIMESTAMP,
  PRIMARY KEY (`id`),
  KEY `store_id` (`store_id`),
  KEY `order_id` (`order_id`),
  KEY `user_id` (`user_id`),
  KEY `fk_reviews_menu` (`menu_id`),
  CONSTRAINT `fk_reviews_menu` FOREIGN KEY (`menu_id`) REFERENCES `menus` (`id`),
  CONSTRAINT `reviews_ibfk_1` FOREIGN KEY (`store_id`) REFERENCES `stores` (`id`),
  CONSTRAINT `reviews_ibfk_2` FOREIGN KEY (`order_id`) REFERENCES `orders` (`id`),
  CONSTRAINT `reviews_ibfk_3` FOREIGN KEY (`user_id`) REFERENCES `users` (`id`)
) ENGINE=InnoDB AUTO_INCREMENT=6 DEFAULT CHARSET=utf8;
/*!40101 SET character_set_client = @saved_cs_client */;

--
-- Dumping data for table `reviews`
--

LOCK TABLES `reviews` WRITE;
/*!40000 ALTER TABLE `reviews` DISABLE KEYS */;
INSERT INTO `reviews` VALUES (1,1,NULL,1,1,NULL,5,'great',NULL,'ko','2026-02-11 23:13:11'),(2,1,NULL,8,1,NULL,3,'너무 맛이 없어요.. 별점을 드리기가 너무 힘들어요',NULL,'ko','2026-02-11 23:16:39'),(3,1,NULL,1,1,NULL,5,'정말 기분이 아주 꽝입니다..',NULL,'ko','2026-02-11 23:20:54'),(4,1,NULL,1,1,NULL,5,'와아 맛나요','uploads/reviews/rev_1_1770820497.jpg','ko','2026-02-11 23:34:57'),(5,1,NULL,1,1,NULL,4,'그래도 먹어야지요','uploads/reviews/rev_1_1770820826.jpg','ko','2026-02-11 23:40:26');
/*!40000 ALTER TABLE `reviews` ENABLE KEYS */;
UNLOCK TABLES;

--
-- Table structure for table `store_menu_overrides`
--

DROP TABLE IF EXISTS `store_menu_overrides`;
/*!40101 SET @saved_cs_client     = @@character_set_client */;
/*!40101 SET character_set_client = utf8 */;
CREATE TABLE `store_menu_overrides` (
  `store_id` int(11) NOT NULL,
  `menu_id` int(11) NOT NULL,
  `price_override` int(11) DEFAULT NULL,
  `price_pickup_override` int(11) DEFAULT NULL,
  `price_delivery_override` int(11) DEFAULT NULL,
  `is_available_override` tinyint(1) DEFAULT NULL,
  `updated_at` datetime NOT NULL DEFAULT CURRENT_TIMESTAMP ON UPDATE CURRENT_TIMESTAMP,
  PRIMARY KEY (`store_id`,`menu_id`),
  KEY `idx_store_menu_overrides_store` (`store_id`),
  KEY `idx_store_menu_overrides_menu` (`menu_id`)
) ENGINE=InnoDB DEFAULT CHARSET=utf8 COMMENT='가맹점별 메뉴 가격/판매여부 오버라이드';
/*!40101 SET character_set_client = @saved_cs_client */;

--
-- Dumping data for table `store_menu_overrides`
--

LOCK TABLES `store_menu_overrides` WRITE;
/*!40000 ALTER TABLE `store_menu_overrides` DISABLE KEYS */;
/*!40000 ALTER TABLE `store_menu_overrides` ENABLE KEYS */;
UNLOCK TABLES;

--
-- Table structure for table `store_tables`
--

DROP TABLE IF EXISTS `store_tables`;
/*!40101 SET @saved_cs_client     = @@character_set_client */;
/*!40101 SET character_set_client = utf8 */;
CREATE TABLE `store_tables` (
  `id` int(11) NOT NULL AUTO_INCREMENT,
  `store_id` int(11) NOT NULL,
  `table_no` int(11) NOT NULL,
  `created_at` datetime NOT NULL DEFAULT CURRENT_TIMESTAMP,
  PRIMARY KEY (`id`),
  UNIQUE KEY `uniq_store_table` (`store_id`,`table_no`),
  KEY `idx_store` (`store_id`)
) ENGINE=InnoDB AUTO_INCREMENT=11 DEFAULT CHARSET=utf8;
/*!40101 SET character_set_client = @saved_cs_client */;

--
-- Dumping data for table `store_tables`
--

LOCK TABLES `store_tables` WRITE;
/*!40000 ALTER TABLE `store_tables` DISABLE KEYS */;
INSERT INTO `store_tables` VALUES (1,1,1,'2026-02-19 22:18:16'),(2,1,2,'2026-02-19 22:18:16'),(3,1,3,'2026-02-19 22:18:16'),(4,1,4,'2026-02-19 22:18:16'),(5,1,5,'2026-02-19 22:18:16'),(6,1,6,'2026-02-19 22:18:16'),(7,1,7,'2026-02-19 22:18:16'),(8,1,8,'2026-02-19 22:18:16'),(9,1,9,'2026-02-19 22:18:16'),(10,1,10,'2026-02-19 22:18:16');
/*!40000 ALTER TABLE `store_tables` ENABLE KEYS */;
UNLOCK TABLES;

--
-- Table structure for table `stores`
--

DROP TABLE IF EXISTS `stores`;
/*!40101 SET @saved_cs_client     = @@character_set_client */;
/*!40101 SET character_set_client = utf8 */;
CREATE TABLE `stores` (
  `id` int(11) NOT NULL AUTO_INCREMENT,
  `menu_format_id` int(11) NOT NULL DEFAULT '1' COMMENT '본사가 제공한 메뉴 솔루션(포맷) ID',
  `store_name` varchar(255) NOT NULL,
  `currency_code` varchar(10) NOT NULL DEFAULT 'KRW',
  `service_charge_type` enum('NONE','PERCENT','FIX') DEFAULT 'NONE',
  `service_charge_rate` int(11) DEFAULT '0',
  `tax_inclusive` enum('Y','N') DEFAULT 'N',
  `tax_rate` int(11) DEFAULT '10',
  `allow_tip` enum('Y','N') DEFAULT 'N',
  `tip_type` enum('PERCENT','FIX') DEFAULT 'PERCENT',
  `tip_value` int(11) DEFAULT '0',
  `point_policy` enum('NONE','SINGLE','MULTI') DEFAULT 'NONE',
  `point_rate` int(11) DEFAULT '0',
  `point_payer` enum('HQ','STORE') DEFAULT 'STORE',
  `point_policy_id` int(11) DEFAULT NULL,
  `username` varchar(100) DEFAULT NULL,
  `password` varchar(255) DEFAULT NULL,
  `kds_theme` varchar(20) NOT NULL DEFAULT 'sky',
  `kds_alert_5` int(11) NOT NULL DEFAULT '5',
  `kds_alert_10` int(11) NOT NULL DEFAULT '10',
  `kds_alert_20` int(11) NOT NULL DEFAULT '20',
  `kds_alert_30` int(11) NOT NULL DEFAULT '30',
  `kds_sound` varchar(20) NOT NULL DEFAULT 'chime1',
  `kds_sound_custom` varchar(255) DEFAULT NULL,
  `use_local_status` tinyint(1) NOT NULL DEFAULT '1',
  `kds_datetime_locale` varchar(5) NOT NULL DEFAULT 'ko',
  `kds_sync_order_status` tinyint(1) NOT NULL DEFAULT '1',
  `kds_kitchen_theme` varchar(50) DEFAULT NULL,
  PRIMARY KEY (`id`),
  KEY `fk_stores_point_policy` (`point_policy_id`),
  CONSTRAINT `fk_stores_point_policy` FOREIGN KEY (`point_policy_id`) REFERENCES `point_master_policies` (`id`)
) ENGINE=InnoDB AUTO_INCREMENT=2 DEFAULT CHARSET=utf8;
/*!40101 SET character_set_client = @saved_cs_client */;

--
-- Dumping data for table `stores`
--

LOCK TABLES `stores` WRITE;
/*!40000 ALTER TABLE `stores` DISABLE KEYS */;
INSERT INTO `stores` VALUES (1,1,'Demo Store','KRW','NONE',0,'N',10,'N','PERCENT',0,'NONE',0,'STORE',1,'store1','store1234','pastel',5,10,15,20,'chime1','',0,'ko',1,'sky');
/*!40000 ALTER TABLE `stores` ENABLE KEYS */;
UNLOCK TABLES;

--
-- Table structure for table `user_wallets`
--

DROP TABLE IF EXISTS `user_wallets`;
/*!40101 SET @saved_cs_client     = @@character_set_client */;
/*!40101 SET character_set_client = utf8 */;
CREATE TABLE `user_wallets` (
  `id` int(11) NOT NULL AUTO_INCREMENT,
  `user_id` int(11) NOT NULL,
  `store_id` int(11) NOT NULL DEFAULT '0',
  `asset_type` enum('SINGLE','MULTI','GLOBAL','ME','AD','WE') NOT NULL,
  `balance` int(11) NOT NULL DEFAULT '0',
  `updated_at` datetime NOT NULL DEFAULT CURRENT_TIMESTAMP ON UPDATE CURRENT_TIMESTAMP,
  PRIMARY KEY (`id`),
  UNIQUE KEY `uniq_wallet` (`user_id`,`store_id`,`asset_type`),
  KEY `store_id` (`store_id`),
  CONSTRAINT `user_wallets_ibfk_1` FOREIGN KEY (`user_id`) REFERENCES `users` (`id`),
  CONSTRAINT `user_wallets_ibfk_2` FOREIGN KEY (`store_id`) REFERENCES `stores` (`id`)
) ENGINE=InnoDB AUTO_INCREMENT=9 DEFAULT CHARSET=utf8;
/*!40101 SET character_set_client = @saved_cs_client */;

--
-- Dumping data for table `user_wallets`
--

LOCK TABLES `user_wallets` WRITE;
/*!40000 ALTER TABLE `user_wallets` DISABLE KEYS */;
INSERT INTO `user_wallets` VALUES (3,1,1,'GLOBAL',10000,'2026-02-11 21:54:52'),(4,1,1,'SINGLE',5000,'2026-02-11 21:54:52'),(5,1,1,'MULTI',8000,'2026-02-11 21:54:52'),(6,1,1,'WE',3,'2026-02-11 21:54:52'),(7,1,1,'AD',2,'2026-02-11 21:54:52'),(8,1,1,'ME',5,'2026-02-11 21:54:52');
/*!40000 ALTER TABLE `user_wallets` ENABLE KEYS */;
UNLOCK TABLES;

--
-- Table structure for table `users`
--

DROP TABLE IF EXISTS `users`;
/*!40101 SET @saved_cs_client     = @@character_set_client */;
/*!40101 SET character_set_client = utf8 */;
CREATE TABLE `users` (
  `id` int(11) NOT NULL AUTO_INCREMENT,
  `email` varchar(255) NOT NULL,
  `password` varchar(255) NOT NULL,
  `nickname` varchar(100) NOT NULL,
  `created_at` datetime NOT NULL DEFAULT CURRENT_TIMESTAMP,
  `username` varchar(100) DEFAULT NULL,
  PRIMARY KEY (`id`),
  UNIQUE KEY `email` (`email`)
) ENGINE=InnoDB AUTO_INCREMENT=2 DEFAULT CHARSET=utf8;
/*!40101 SET character_set_client = @saved_cs_client */;

--
-- Dumping data for table `users`
--

LOCK TABLES `users` WRITE;
/*!40000 ALTER TABLE `users` DISABLE KEYS */;
INSERT INTO `users` VALUES (1,'test@wirexcard.net','testpass','홍길동','2026-02-11 21:53:36','user1');
/*!40000 ALTER TABLE `users` ENABLE KEYS */;
UNLOCK TABLES;

--
-- Dumping routines for database 'otlweb'
--
/*!40103 SET TIME_ZONE=@OLD_TIME_ZONE */;

/*!40101 SET SQL_MODE=@OLD_SQL_MODE */;
/*!40014 SET FOREIGN_KEY_CHECKS=@OLD_FOREIGN_KEY_CHECKS */;
/*!40014 SET UNIQUE_CHECKS=@OLD_UNIQUE_CHECKS */;
/*!40101 SET CHARACTER_SET_CLIENT=@OLD_CHARACTER_SET_CLIENT */;
/*!40101 SET CHARACTER_SET_RESULTS=@OLD_CHARACTER_SET_RESULTS */;
/*!40101 SET COLLATION_CONNECTION=@OLD_COLLATION_CONNECTION */;
/*!40111 SET SQL_NOTES=@OLD_SQL_NOTES */;

-- Dump completed on 2026-02-20  1:19:27
